"prey","n.samples","fo.number","fo.number.LCL","fo.number.UCL","fo.percent","fo.percent.LCL","fo.percent.UCL","n.preyitems","na.number","na.number.LCL","na.number.UCL","na.percent","na.percent.LCL","na.percent.UCL","na.weighted","na.weighted.LCL","na.weighted.UCL","rank.fo","rank.na","rank.fo.inv","rank.na.inv","cum.fo","cum.na","fo.prim","na.prim"
"Gymnoscopelus piabilis",386,210,190.475,227.525,54.4041450777202,49.3458549222798,58.9443005181347,5992,1680,1353.475,2086.3,28.0373831775701,23.6730649725469,32.4449522555956,22.9894322317407,20.2715826150791,25.5491706650126,25,25,1,1,54.4041450777202,28.0373831775701,"primary","primary"
"Protomyctophum tenisoni",386,135,117.475,153.525,34.9740932642487,30.4339378238342,39.7733160621762,5992,1547,1104.8,2080.525,25.8177570093458,19.2705415437803,32.433663130867,16.5296474541183,13.6954571708729,19.5602942533057,22,24,4,2,173.575129533679,53.8551401869159,"primary","primary"
"Gymnoscopelus fraseri",386,154,137,174.525,39.8963730569948,35.4922279792746,45.2137305699482,5992,923,727.425,1131.05,15.4038718291055,12.7823088267951,18.2320396838141,11.3024607372582,9.74750359156575,13.3974417920058,23,23,3,3,138.60103626943,69.2590120160214,"primary","primary"
"Gymnoscopelus nicholsi",386,171,152.475,190,44.300518134715,39.5012953367876,49.2227979274611,5992,919,723.425,1140.675,15.3371161548732,12.88189679552,17.9613937648525,12.6255911465819,10.5966882729596,14.7274944664279,24,22,2,4,98.7046632124352,84.5961281708945,"primary","primary"
"Electrona carlsbergi",386,90,73,106,23.3160621761658,18.9119170984456,27.4611398963731,5992,249,189,315.525,4.15554072096128,3.1846938722447,5.24812498822757,4.04627120213137,2.85599680443199,5.22553914020845,21,21,5,5,196.891191709845,88.7516688918558,"primary","non-primary"
"Metelectrona ventralis",386,35,23,46,9.06735751295337,5.95854922279793,11.9170984455959,5992,155,83.475,242.05,2.586782376502,1.45724938139504,3.97100453520804,1.86564821866884,1.13625725989756,2.72067622185542,18,20,8,6,228.497409326425,91.3384512683578,"non-primary","non-primary"
"Gymnoscopelus bolini",386,41,30,52,10.6217616580311,7.7720207253886,13.4715025906736,5992,117,72.475,164.525,1.95260347129506,1.30468631323105,2.70003542549839,1.14587064747769,0.643661677944145,1.8029160027135,19,19,7,7,219.430051813472,93.2910547396529,"non-primary","non-primary"
"Protomyctophum choriodon",386,24,15,34,6.21761658031088,3.8860103626943,8.80829015544041,5992,80,30,148.525,1.33511348464619,0.509893904514063,2.5022733293952,0.877763754346028,0.41674055341594,1.46423133322907,16,18,10,8,241.709844559585,94.6261682242991,"non-primary","non-primary"
"Electrona antarctica",386,23,15,31.525,5.95854922279793,3.8860103626943,8.16709844559585,5992,62,29,104.525,1.0347129506008,0.489455072360377,1.73464664963823,0.827376604264468,0.401940962767042,1.35653934912095,14,17,12,9,253.886010362694,95.6608811748999,"non-primary","non-primary"
"Symbolophorus boops",386,24,15,33,6.21761658031088,3.8860103626943,8.54922279792746,5992,59,33,90,0.984646194926569,0.54195710131512,1.48686668803756,0.79941344523256,0.409978782573649,1.31529649980482,15,16,11,10,247.927461139896,96.6455273698264,"non-primary","non-primary"
"Penguin",386,46,33,57.525,11.9170984455959,8.54922279792746,14.9028497409326,5992,46,33,57.525,0.767690253671562,0.512871377811099,1.04863990461377,11.9170984455959,8.54922279792746,14.9028497409326,20,15,6,11,208.80829015544,97.413217623498,"non-primary","non-primary"
"Electrona subaspera",386,9,3,15,2.33160621761658,0.77720207253886,3.8860103626943,5992,33,7,66.525,0.550734312416555,0.112834588292067,1.13281076676931,0.76723022824375,0.190208686591222,1.61018369101587,11,14,15,12,263.471502590674,97.9639519359146,"non-primary","non-primary"
"Crustacean",386,27,18,38,6.99481865284974,4.66321243523316,9.84455958549223,5992,27,18,38,0.450600801068091,0.297712607544672,0.673700071083955,6.99481865284974,4.66321243523316,9.84455958549223,17,13,9,13,235.492227979275,98.4145527369826,"non-primary","non-primary"
"Cephalopod",386,19,11,29,4.92227979274611,2.84974093264249,7.51295336787565,5992,21,12,32,0.350467289719626,0.203121361745555,0.585963577501794,4.92227979274611,2.84974093264249,7.51295336787565,13,12,13,14,258.80829015544,98.7650200267023,"non-primary","non-primary"
"Notothenia squamifrons",386,2,0,5,0.518134715025907,0,1.29533678756477,5992,21,0,58.5749999999999,0.350467289719626,0,1.05296885289285,0.501943005181347,0,1.27914507772021,5,11,21,15,268.911917098446,99.1154873164219,"non-primary","non-primary"
"Gymnoscopelus sp.",386,9,4,15,2.33160621761658,1.03626943005181,3.8860103626943,5992,16,4,34,0.267022696929239,0.0687958329130922,0.593178103793815,0.803549675266667,0.207081261451906,1.69409004282597,12,10,14,16,261.139896373057,99.3825100133511,"non-primary","non-primary"
"Dissostichus eleginoides",386,6,1,12,1.55440414507772,0.259067357512953,3.10880829015544,5992,14,2,27,0.233644859813084,0.0398132162196572,0.453284000100968,0.160100585276402,0.0130163932251066,0.332558811632497,10,9,16,17,265.025906735751,99.6161548731642,"non-primary","non-primary"
"Scopelosaurus ahlstromi",386,3,1,7.52499999999998,0.77720207253886,0.259067357512953,1.94948186528497,5992,7,1,19,0.116822429906542,0.0152475186497407,0.31682741127496,0.0549444562661997,0.0060248222677431,0.1559123055072,8,8,18,18,267.098445595855,99.7329773030708,"non-primary","non-primary"
"Protomyctophum bolini",386,5,1,9,1.29533678756477,0.259067357512953,2.33160621761658,5992,6,1,12,0.100133511348465,0.0194449318169076,0.205715392989164,0.383887868740002,0.0201971553083562,0.994074256215852,9,7,17,19,266.321243523316,99.8331108144192,"non-primary","non-primary"
"Krefftichthys anderssoni",386,3,0,7,0.77720207253886,0,1.81347150259067,5992,3,0,7,0.0500667556742323,0,0.112503506621979,0.0565892081436123,0,0.142944993981263,7,6,19,20,267.875647668394,99.8831775700935,"non-primary","non-primary"
"Lepidonotothen larseni",386,1,0,3,0.259067357512953,0,0.77720207253886,5992,2,0,6,0.0333778371161549,0,0.106556848405985,0.259067357512953,0,0.77720207253886,1,4,22,21,269.170984455959,99.9165554072096,"non-primary","non-primary"
"Paralepis atlantica",386,2,0,5,0.518134715025907,0,1.29533678756477,5992,2,0,5,0.0333778371161549,0,0.0870935107820751,0.054691997697179,0,0.138169257340242,6,5,20,22,268.39378238342,99.9499332443258,"non-primary","non-primary"
"Maurolicus muelleri",386,1,0,3,0.259067357512953,0,0.77720207253886,5992,1,0,3,0.0166889185580774,0,0.0556296200771878,0.0161917098445596,0,0.0485751295336788,4,1,23,23,269.430051813471,99.9666221628838,"non-primary","non-primary"
"Electrona sp.",386,1,0,3.52499999999998,0.259067357512953,0,0.914171320907066,5992,1,0,3.52499999999998,0.0166889185580774,0,0.0624198266900245,0.0117757889778615,0,0.0415532418594121,3,3,24,24,269.689119170984,99.9833110814419,"non-primary","non-primary"
"Lampichthys procerus",386,1,0,3,0.259067357512953,0,0.77720207253886,5992,1,0,3,0.0166889185580774,0,0.0544984820264082,0.0863557858376511,0,0.259067357512953,2,2,25,25,269.948186528497,100,"non-primary","non-primary"
